{"stats":{"minecraft:broken":{"minecraft:wooden_pickaxe":1},"minecraft:custom":{"minecraft:time_since_rest":15737,"minecraft:interact_with_furnace":5,"minecraft:sprint_one_cm":35476,"minecraft:damage_taken":130,"minecraft:walk_one_cm":21218,"minecraft:mob_kills":6,"minecraft:drop":1,"minecraft:damage_dealt":790,"minecraft:swim_one_cm":3578,"minecraft:interact_with_crafting_table":6,"minecraft:fly_one_cm":37680,"minecraft:crouch_one_cm":5630,"minecraft:play_time":15737,"minecraft:sneak_time":2660,"minecraft:walk_under_water_one_cm":37,"minecraft:jump":271,"minecraft:walk_on_water_one_cm":670,"minecraft:time_since_death":15737,"minecraft:total_world_time":15737,"minecraft:fall_one_cm":7646},"minecraft:mined":{"minecraft:birch_log":7,"minecraft:fire":4,"minecraft:birch_leaves":3,"minecraft:crafting_table":3,"minecraft:grass":1,"minecraft:coal_ore":42,"minecraft:grass_block":3,"minecraft:oak_log":24,"minecraft:stripped_oak_log":1,"minecraft:stone":68,"minecraft:oak_leaves":10},"minecraft:picked_up":{"minecraft:stripped_oak_log":1,"minecraft:birch_log":7,"minecraft:crafting_table":3,"minecraft:leather":4,"minecraft:porkchop":10,"minecraft:oak_log":24,"minecraft:dirt":2,"minecraft:apple":1,"minecraft:beef":3,"minecraft:oak_sapling":1,"minecraft:coal":42,"minecraft:cobblestone":68},"minecraft:used":{"minecraft:wooden_axe":38,"minecraft:stone_sword":13,"minecraft:apple":1,"minecraft:stone_pickaxe":47,"minecraft:wooden_pickaxe":63,"minecraft:stone_axe":1,"minecraft:dirt":2,"minecraft:crafting_table":4,"minecraft:furnace":1},"minecraft:killed":{"minecraft:pig":4,"minecraft:cow":2},"minecraft:dropped":{"minecraft:oak_sapling":1},"minecraft:crafted":{"minecraft:oak_planks":100,"minecraft:cooked_porkchop":7,"minecraft:crafting_table":1,"minecraft:stick":12,"minecraft:wooden_pickaxe":2,"minecraft:stone_pickaxe":1,"minecraft:wooden_axe":1,"minecraft:stone_sword":1,"minecraft:furnace":1,"minecraft:birch_planks":28,"minecraft:stone_axe":1,"minecraft:air":0}},"DataVersion":3465}